Article,Condition Identified
What is anxiety depression?,healthcentral.com/condition/depression-anxiety-link
What is melancholic depression?,https://www.healthline.com/health/depression/melancholic-depression
Atypical depression,https://www.mayoclinic.org/diseases-conditions/atypical-depression/symptoms-causes/syc-20369748
Psychotic  depression,https://www.healthline.com/health/depression/psychotic-depression
SAD depression,"https://www.verywellhealth.com/spring-depression-5215198#:~:text=Seasonal%20affective%20disorder%20%28SAD%29%20is%20classified%20as%20recurrent,SAD%20experience%20seasonal%20depression%20in%20the%20spring.%203"
Catatonic depression,https://www.healthline.com/health/depression/catatonic-depression
Pre and Postpartum depression,"psychdb.com/mood/1-depression/postpartum-peripartum#:~:text=Postpartum%20Depression%20%28PPD%29%20%28also%20known%20as%20Peripartum%20Depression%2C,developing%20depression%20up%20to%20several%20months%20following%20delivery."
Depression,https://www.nimh.nih.gov/health/topics/depression
Symptoms of depression,https://www.insider.com/hidradenitis-suppurativa-symptoms-signs-of-the-condition-2022-6
Depression symptoms,https://www.who.int/news-room/fact-sheets/detail/depression
Anxiety symptoms,https://www.mayoclinic.org/diseases-conditions/anxiety/symptoms-causes/syc-20350962
Anxiety,https://www.healthline.com/health/anxiety
What is Anxiety ?,https://www.anxiety.org/what-is-anxiety
what to do if Anxiety?,https://www.health.harvard.edu/blog/anxiety-what-it-is-what-to-do-2018060113956
Anxiety ,https://en.wikipedia.org/wiki/Anxiety
Anxiety treatement,https://blueskyrecovery.com/anxiety-treatment/
Anxiety symptoms,https://www.calmclinic.com/anxiety-guide/symptoms
Everything about Anxiety,https://healthprep.com/topics/7-medical-facts-about-anxiety-you-need-to-know/?xcid=1481&utm_source=bing&utm_medium=ppc&utm_campaign=370289946&utm_content=1272135560518523&utm_term=things%20to%20help%20with%20anxiety&msclkid=6d413ef28b751995f0125c7de05de36f
Self therapy Anxiety,https://positivepsychology.com/self-therapy-anxiety-depression/
Self help Anxiety,https://www.nhsinform.scot/illnesses-and-conditions/mental-health/mental-health-self-help-guides/anxiety-self-help-guide
Anxiety guide,https://www.calmclinic.com/anxiety-guide
What is ADHD?,https://www.trisadhd.com/about-adhd/?msclkid=9a24bf9c0902162b284bdd1362fbffef
ADHD,https://www.cdc.gov/ncbddd/adhd/facts.html
ADHD help,https://www.nimh.nih.gov/health/topics/attention-deficit-hyperactivity-disorder-adhd
ADHD,https://en.wikipedia.org/wiki/Attention_deficit_hyperactivity_disorder
 symptoms ofADHD,https://www.mayoclinic.org/diseases-conditions/adhd/symptoms-causes/syc-20350890
what is ADHD?,psychiatry.org/patients-families/adhd/what-is-adhd
diagnosis of ADHD,https://www.mind-diagnostics.org/adhd-test
 ADHD test,https://www.psycom.net/adhd-test
test for ADHD,https://add.org/adhd-test/
treatment of ADHD,https://www.drakeinstitute.com/add-treatment-without-drugs
Why am i stressesall the time?,https://my.clevelandclinic.org/health/articles/11874-stress
Stress management,https://www.webmd.com/balance/stress-management/what-is-stress